{"reservations":49284386,"enterprises":2796,"adr":112.38827733385499,"occupancy":64.95367344208512,"revpar":73.00031464661713,"property_count":2826}
